Product URL,Product Name,Product Price,Rating,Number of reviews,Manufacturer,ASIN
https://www.amazon.in//sspa/click?ie=UTF8&spc=MToyNjk4ODgxNzIzNzA1OTk1OjE3MjYyNTEzNzM6c3BfYXRmOjMwMDMxNDA2NDUwODMzMjo6MDo6&url=%2FCitizen-Workoholic-Compartment-Polyester-Reflective%2Fdp%2FB0D4QBSLKG%2Fref%3Dsr_1_1_sspa%3Fcrid%3D2M096C61O4MLT%26dib%3DeyJ2IjoiMSJ9.NdOKhzTWp5YJqrnZWmusO-w4BvorY4Jw6xaW7dw3SSi6wSWY0IzQ3CjU_yU4r9slvbMZinv3sjXW6VLfb3uexQRsYWc8akP2Bij_GYsEFIoRhyp41UJAHQeHfg0lYkefg1SlHZAM5ngjdA0vcnerQNraeBnTLXkmuZ2w1sk3HF7Ukclf6HQQ-uTx5gKz-9cXH91L5SnpXWeG5KUV3hFc29ymm7PhXpuMt6rNpdNxFGk.f4btL_pqDETXToO7HLkdjzMfsIh6gj3bjKxpMKKeb1Y%26dib_tag%3Dse%26keywords%3Dbags%26qid%3D1726251373%26sprefix%3Dba%252Caps%252C283%26sr%3D8-1-spons%26sp_csd%3Dd2lkZ2V0TmFtZT1zcF9hdGY%26psc%3D1,Citizen Workoholic Travel Laptop Backpack | 15.6 Inch Padded Laptop Compartment | 27 Liters | Polyester Fabric | 2 Front & Side Pockets | Padded Straps & Trolley Sleeve | Reflective Strips | Black  ,₹999, , ,"Citizen Umbrella Manufacturers Limited, Umbergaon",B0D4QBSLKG
https://www.amazon.in//sspa/click?ie=UTF8&spc=MToyNjk4ODgxNzIzNzA1OTk1OjE3MjYyNTEzNzM6c3BfYXRmOjMwMDMzNDU0MjUzMjMzMjo6MDo6&url=%2FFellow-Large-Laptop-Backpack-Grey%2Fdp%2FB09VTHTSJQ%2Fref%3Dsr_1_2_sspa%3Fcrid%3D2M096C61O4MLT%26dib%3DeyJ2IjoiMSJ9.NdOKhzTWp5YJqrnZWmusO-w4BvorY4Jw6xaW7dw3SSi6wSWY0IzQ3CjU_yU4r9slvbMZinv3sjXW6VLfb3uexQRsYWc8akP2Bij_GYsEFIoRhyp41UJAHQeHfg0lYkefg1SlHZAM5ngjdA0vcnerQNraeBnTLXkmuZ2w1sk3HF7Ukclf6HQQ-uTx5gKz-9cXH91L5SnpXWeG5KUV3hFc29ymm7PhXpuMt6rNpdNxFGk.f4btL_pqDETXToO7HLkdjzMfsIh6gj3bjKxpMKKeb1Y%26dib_tag%3Dse%26keywords%3Dbags%26qid%3D1726251373%26sprefix%3Dba%252Caps%252C283%26sr%3D8-2-spons%26sp_csd%3Dd2lkZ2V0TmFtZT1zcF9hdGY%26psc%3D1,Fellow Large 45 L Laptop Backpack Large 45L Unisex Laptop Backpack |School Bag| |College Bag||Backpack  ,₹649,3.9 out of 5 stars,135,Fellow,B09VTHTSJQ
https://www.amazon.in//Skybags-Brat-Black-Casual-Backpack/dp/B08Z1HHHTD/ref=sr_1_3?crid=2M096C61O4MLT&dib=eyJ2IjoiMSJ9.NdOKhzTWp5YJqrnZWmusO-w4BvorY4Jw6xaW7dw3SSi6wSWY0IzQ3CjU_yU4r9slvbMZinv3sjXW6VLfb3uexQRsYWc8akP2Bij_GYsEFIoRhyp41UJAHQeHfg0lYkefg1SlHZAM5ngjdA0vcnerQNraeBnTLXkmuZ2w1sk3HF7Ukclf6HQQ-uTx5gKz-9cXH91L5SnpXWeG5KUV3hFc29ymm7PhXpuMt6rNpdNxFGk.f4btL_pqDETXToO7HLkdjzMfsIh6gj3bjKxpMKKeb1Y&dib_tag=se&keywords=bags&qid=1726251373&sprefix=ba%2Caps%2C283&sr=8-3,"Skybags Casual Backpack 28L, 2 Main Compartments, Bottle Pocket, Front Pocket, Padded Shoulder Strap  ",₹479,4.1 out of 5 stars,"13,166",VIP Industries Ltd,B08Z1HHHTD
https://www.amazon.in//Number-Backpack-Compartment-Charging-Organizer/dp/B09VTDMRY7/ref=sr_1_4?crid=2M096C61O4MLT&dib=eyJ2IjoiMSJ9.NdOKhzTWp5YJqrnZWmusO-w4BvorY4Jw6xaW7dw3SSi6wSWY0IzQ3CjU_yU4r9slvbMZinv3sjXW6VLfb3uexQRsYWc8akP2Bij_GYsEFIoRhyp41UJAHQeHfg0lYkefg1SlHZAM5ngjdA0vcnerQNraeBnTLXkmuZ2w1sk3HF7Ukclf6HQQ-uTx5gKz-9cXH91L5SnpXWeG5KUV3hFc29ymm7PhXpuMt6rNpdNxFGk.f4btL_pqDETXToO7HLkdjzMfsIh6gj3bjKxpMKKeb1Y&dib_tag=se&keywords=bags&qid=1726251373&sprefix=ba%2Caps%2C283&sr=8-4,"FUR JADEN Anti Theft Number Lock Backpack Bag with 15.6 Inch Laptop Compartment, USB Charging Port & Organizer Pocket for Men Women Boys Girls  ",₹699,4.4 out of 5 stars,"14,953","FUR JADEN, Fur Jaden, 3C Jai Hind Bld, Dr AM Road, Bhuleshwar, Mumbai 400002",B09VTDMRY7
https://www.amazon.in//Safari-Laptop-Backpack-Raincover-college/dp/B097JJ2CK6/ref=sr_1_5?crid=2M096C61O4MLT&dib=eyJ2IjoiMSJ9.NdOKhzTWp5YJqrnZWmusO-w4BvorY4Jw6xaW7dw3SSi6wSWY0IzQ3CjU_yU4r9slvbMZinv3sjXW6VLfb3uexQRsYWc8akP2Bij_GYsEFIoRhyp41UJAHQeHfg0lYkefg1SlHZAM5ngjdA0vcnerQNraeBnTLXkmuZ2w1sk3HF7Ukclf6HQQ-uTx5gKz-9cXH91L5SnpXWeG5KUV3hFc29ymm7PhXpuMt6rNpdNxFGk.f4btL_pqDETXToO7HLkdjzMfsIh6gj3bjKxpMKKeb1Y&dib_tag=se&keywords=bags&qid=1726251373&sprefix=ba%2Caps%2C283&sr=8-5,"Safari Casual backpack 3 compartments, front pocket, bottle holder, School bags for boys & girls, College bag for women and men  ",₹729,4.0 out of 5 stars,"2,890","Safari, Safari Industries Ltd 301/302, A-Wing, The Qube, M.V.Road, Marol, Andheri(East), Near international Airport Mumbai- 400059 +91-22-40381851/838",B097JJ2CK6
https://www.amazon.in//ACEPACK-Daypack-Compartment-Backpack-Daily/dp/B0D839K76N/ref=sr_1_6?crid=2M096C61O4MLT&dib=eyJ2IjoiMSJ9.NdOKhzTWp5YJqrnZWmusO-w4BvorY4Jw6xaW7dw3SSi6wSWY0IzQ3CjU_yU4r9slvbMZinv3sjXW6VLfb3uexQRsYWc8akP2Bij_GYsEFIoRhyp41UJAHQeHfg0lYkefg1SlHZAM5ngjdA0vcnerQNraeBnTLXkmuZ2w1sk3HF7Ukclf6HQQ-uTx5gKz-9cXH91L5SnpXWeG5KUV3hFc29ymm7PhXpuMt6rNpdNxFGk.f4btL_pqDETXToO7HLkdjzMfsIh6gj3bjKxpMKKeb1Y&dib_tag=se&keywords=bags&qid=1726251373&sprefix=ba%2Caps%2C283&sr=8-6,"ACEPACK Daypack Bag 2 Compartment Backpack for Daily Use - Library, Office, Outdoor Hiking  ",₹199,3.4 out of 5 stars,61,"PLG International, PLG International",B0D839K76N
https://www.amazon.in//Safari-Laptop-Backpack-Raincover-college/dp/B097JH4V5G/ref=sr_1_7?crid=2M096C61O4MLT&dib=eyJ2IjoiMSJ9.NdOKhzTWp5YJqrnZWmusO-w4BvorY4Jw6xaW7dw3SSi6wSWY0IzQ3CjU_yU4r9slvbMZinv3sjXW6VLfb3uexQRsYWc8akP2Bij_GYsEFIoRhyp41UJAHQeHfg0lYkefg1SlHZAM5ngjdA0vcnerQNraeBnTLXkmuZ2w1sk3HF7Ukclf6HQQ-uTx5gKz-9cXH91L5SnpXWeG5KUV3hFc29ymm7PhXpuMt6rNpdNxFGk.f4btL_pqDETXToO7HLkdjzMfsIh6gj3bjKxpMKKeb1Y&dib_tag=se&keywords=bags&qid=1726251373&sprefix=ba%2Caps%2C283&sr=8-7,"Safari Casual backpack 3 compartments, front pocket, bottle holder, School bags for boys & girls, College bag for women and men  ",₹699,4.0 out of 5 stars,"2,890","Safari, Safari Industries Ltd 301/302, A-Wing, The Qube, M.V.Road, Marol, Andheri(East), Near international Airport Mumbai- 400059 +91-22-40381851/838",B097JH4V5G
https://www.amazon.in//SAFARI-Ltrs-Casual-Backpack-DAYPACKNEO15CBSEB/dp/B07Q7CNPMV/ref=sr_1_8?crid=2M096C61O4MLT&dib=eyJ2IjoiMSJ9.NdOKhzTWp5YJqrnZWmusO-w4BvorY4Jw6xaW7dw3SSi6wSWY0IzQ3CjU_yU4r9slvbMZinv3sjXW6VLfb3uexQRsYWc8akP2Bij_GYsEFIoRhyp41UJAHQeHfg0lYkefg1SlHZAM5ngjdA0vcnerQNraeBnTLXkmuZ2w1sk3HF7Ukclf6HQQ-uTx5gKz-9cXH91L5SnpXWeG5KUV3hFc29ymm7PhXpuMt6rNpdNxFGk.f4btL_pqDETXToO7HLkdjzMfsIh6gj3bjKxpMKKeb1Y&dib_tag=se&keywords=bags&qid=1726251373&sprefix=ba%2Caps%2C283&sr=8-8,Safari Small Size 15 Ltrs Unisex Standard Backpack - Sea Blue  ,₹255,4.0 out of 5 stars,"23,203","Safari Industries (India) Ltd, Safari Industries Ltd 301/302, A-Wing, The Qube, M.V.Road, Marol, Andheri(East), Near international Airport Mumbai- 400059 +91-22-40381851/838",B07Q7CNPMV
https://www.amazon.in//TRUE-HUMAN-Anti-Theft-backpack-charging/dp/B09QJ7ZF2Y/ref=sr_1_9?crid=2M096C61O4MLT&dib=eyJ2IjoiMSJ9.NdOKhzTWp5YJqrnZWmusO-w4BvorY4Jw6xaW7dw3SSi6wSWY0IzQ3CjU_yU4r9slvbMZinv3sjXW6VLfb3uexQRsYWc8akP2Bij_GYsEFIoRhyp41UJAHQeHfg0lYkefg1SlHZAM5ngjdA0vcnerQNraeBnTLXkmuZ2w1sk3HF7Ukclf6HQQ-uTx5gKz-9cXH91L5SnpXWeG5KUV3hFc29ymm7PhXpuMt6rNpdNxFGk.f4btL_pqDETXToO7HLkdjzMfsIh6gj3bjKxpMKKeb1Y&dib_tag=se&keywords=bags&qid=1726251373&sprefix=ba%2Caps%2C283&sr=8-9,TRUE HUMAN EMPEROR® Anti-Theft Bagkpack With USB Charging Port Laptop bag/Office bag/College bag/Travel bag with Anti -Theft back pocket (LEGEND)  ,₹695,3.8 out of 5 stars,"3,685","Rama luxury store, Rama luxury store",B09QJ7ZF2Y
https://www.amazon.in//Fargo-Leatherette-White-Womens-Ladies/dp/B0D814GNXK/ref=sr_1_10?crid=2M096C61O4MLT&dib=eyJ2IjoiMSJ9.NdOKhzTWp5YJqrnZWmusO-w4BvorY4Jw6xaW7dw3SSi6wSWY0IzQ3CjU_yU4r9slvbMZinv3sjXW6VLfb3uexQRsYWc8akP2Bij_GYsEFIoRhyp41UJAHQeHfg0lYkefg1SlHZAM5ngjdA0vcnerQNraeBnTLXkmuZ2w1sk3HF7Ukclf6HQQ-uTx5gKz-9cXH91L5SnpXWeG5KUV3hFc29ymm7PhXpuMt6rNpdNxFGk.f4btL_pqDETXToO7HLkdjzMfsIh6gj3bjKxpMKKeb1Y&dib_tag=se&keywords=bags&qid=1726251373&sprefix=ba%2Caps%2C283&sr=8-10,Fargo Leatherette Side White Sling Bags For Women's Ladies  ,₹129,3.0 out of 5 stars,386,Retail Grapple,B0D814GNXK
https://www.amazon.in//sspa/click?ie=UTF8&spc=MToyNjk4ODgxNzIzNzA1OTk1OjE3MjYyNTEzNzM6c3BfbXRmOjMwMDI1NTgxMDQxNDIzMjo6MDo6&url=%2FSafari-Resistant-Polyester-Backpack-College%2Fdp%2FB0D8QBZVZC%2Fref%3Dsr_1_11_sspa%3Fcrid%3D2M096C61O4MLT%26dib%3DeyJ2IjoiMSJ9.NdOKhzTWp5YJqrnZWmusO-w4BvorY4Jw6xaW7dw3SSi6wSWY0IzQ3CjU_yU4r9slvbMZinv3sjXW6VLfb3uexQRsYWc8akP2Bij_GYsEFIoRhyp41UJAHQeHfg0lYkefg1SlHZAM5ngjdA0vcnerQNraeBnTLXkmuZ2w1sk3HF7Ukclf6HQQ-uTx5gKz-9cXH91L5SnpXWeG5KUV3hFc29ymm7PhXpuMt6rNpdNxFGk.f4btL_pqDETXToO7HLkdjzMfsIh6gj3bjKxpMKKeb1Y%26dib_tag%3Dse%26keywords%3Dbags%26qid%3D1726251373%26sprefix%3Dba%252Caps%252C283%26sr%3D8-11-spons%26sp_csd%3Dd2lkZ2V0TmFtZT1zcF9tdGY%26psc%3D1,"Safari Surge 30 Ltrs Water Resistant Polyester Laptop Bag For Men and Women, Backpack For Men and Women, College Bag For Men and Women  ",₹778,4.3 out of 5 stars,61,"Safari, Safari Industries Ltd 301/302, A-Wing, The Qube, M.V.Road, Marol, Andheri(East), Near international Airport Mumbai- 400059 +91-22-40381851/838",B0D8QBZVZC
https://www.amazon.in//sspa/click?ie=UTF8&spc=MToyNjk4ODgxNzIzNzA1OTk1OjE3MjYyNTEzNzM6c3BfbXRmOjMwMDExMjU3NjM5NzMzMjo6MDo6&url=%2FSPS-Transparent-Poly-Plastic-Documents-Certificate%2Fdp%2FB083DXLF85%2Fref%3Dsr_1_12_sspa%3Fcrid%3D2M096C61O4MLT%26dib%3DeyJ2IjoiMSJ9.NdOKhzTWp5YJqrnZWmusO-w4BvorY4Jw6xaW7dw3SSi6wSWY0IzQ3CjU_yU4r9slvbMZinv3sjXW6VLfb3uexQRsYWc8akP2Bij_GYsEFIoRhyp41UJAHQeHfg0lYkefg1SlHZAM5ngjdA0vcnerQNraeBnTLXkmuZ2w1sk3HF7Ukclf6HQQ-uTx5gKz-9cXH91L5SnpXWeG5KUV3hFc29ymm7PhXpuMt6rNpdNxFGk.f4btL_pqDETXToO7HLkdjzMfsIh6gj3bjKxpMKKeb1Y%26dib_tag%3Dse%26keywords%3Dbags%26qid%3D1726251373%26sprefix%3Dba%252Caps%252C283%26sr%3D8-12-spons%26sp_csd%3Dd2lkZ2V0TmFtZT1zcF9tdGY%26psc%3D1,"SPS File Folder, Transparent Poly-Plastic A4/Foolscap Documents File Storage Bag with Snap Button Set of 5/Certificate File Folder  ",₹399,4.2 out of 5 stars,491,OMKAR PLASTIC INDUSTRIES,B083DXLF85
https://www.amazon.in//Safari-Backpack-Resistant-Polyester-Travelling/dp/B09B29F66W/ref=sr_1_13?crid=2M096C61O4MLT&dib=eyJ2IjoiMSJ9.NdOKhzTWp5YJqrnZWmusO-w4BvorY4Jw6xaW7dw3SSi6wSWY0IzQ3CjU_yU4r9slvbMZinv3sjXW6VLfb3uexQRsYWc8akP2Bij_GYsEFIoRhyp41UJAHQeHfg0lYkefg1SlHZAM5ngjdA0vcnerQNraeBnTLXkmuZ2w1sk3HF7Ukclf6HQQ-uTx5gKz-9cXH91L5SnpXWeG5KUV3hFc29ymm7PhXpuMt6rNpdNxFGk.f4btL_pqDETXToO7HLkdjzMfsIh6gj3bjKxpMKKeb1Y&dib_tag=se&keywords=bags&qid=1726251373&sprefix=ba%2Caps%2C283&sr=8-13,"Safari Casual backpacks 2 compartments, front pocket, bottle holder, School bags for boys & girls, College bag for women and men, Ideal for school, college, office & travel  ",₹639,3.8 out of 5 stars,"4,716","Safari Industries, 302-303, A Wing, The Qube CTS No.1498, A/2, Sir Mathuradas Vasanji Rd, Marol, Andheri East, Mumbai, Maharashtra 400059",B09B29F66W
https://www.amazon.in//Impulse-EmpowerElite-Resistant-Backpack-Grey/dp/B0CSYYSWJR/ref=sr_1_14?crid=2M096C61O4MLT&dib=eyJ2IjoiMSJ9.NdOKhzTWp5YJqrnZWmusO-w4BvorY4Jw6xaW7dw3SSi6wSWY0IzQ3CjU_yU4r9slvbMZinv3sjXW6VLfb3uexQRsYWc8akP2Bij_GYsEFIoRhyp41UJAHQeHfg0lYkefg1SlHZAM5ngjdA0vcnerQNraeBnTLXkmuZ2w1sk3HF7Ukclf6HQQ-uTx5gKz-9cXH91L5SnpXWeG5KUV3hFc29ymm7PhXpuMt6rNpdNxFGk.f4btL_pqDETXToO7HLkdjzMfsIh6gj3bjKxpMKKeb1Y&dib_tag=se&keywords=bags&qid=1726251373&sprefix=ba%2Caps%2C283&sr=8-14,Impulse EmpowerElite 25L Unisex Water Resistant Travel Laptop Backpack with USB Charging Port/Office Bag/School Bag/College Bag/Business Bag Fits Up to 16 Inch Laptop with 1 Year Warranty (Blue)  ,₹565,3.9 out of 5 stars,253,"Impulse Travel Gears Private Limited, Impulse Travel Gears Private Limited - Whatsapp - +91 9899670867",B0CSYYSWJR
https://www.amazon.in//Craftwood-Backpack-Waterproof-Aesthetic-Backpacks/dp/B0D58K1N5M/ref=sr_1_15?crid=2M096C61O4MLT&dib=eyJ2IjoiMSJ9.NdOKhzTWp5YJqrnZWmusO-w4BvorY4Jw6xaW7dw3SSi6wSWY0IzQ3CjU_yU4r9slvbMZinv3sjXW6VLfb3uexQRsYWc8akP2Bij_GYsEFIoRhyp41UJAHQeHfg0lYkefg1SlHZAM5ngjdA0vcnerQNraeBnTLXkmuZ2w1sk3HF7Ukclf6HQQ-uTx5gKz-9cXH91L5SnpXWeG5KUV3hFc29ymm7PhXpuMt6rNpdNxFGk.f4btL_pqDETXToO7HLkdjzMfsIh6gj3bjKxpMKKeb1Y&dib_tag=se&keywords=bags&qid=1726251373&sprefix=ba%2Caps%2C283&sr=8-15,"Craftwood School Backpack for Teen Girls, Boys Waterproof High School Backpack for Student Bookbag College Backpack for Women Men Casual Daypack Travel Aesthetic Backpacks Black  ",₹699,3.0 out of 5 stars,36,"Debonair International,GC-112A,Factory Lane,New Delhi-110044, 011-41652625",B0D58K1N5M
https://www.amazon.in//MEDLER-Aquiver-litres-Waterproof-Strolley/dp/B09V8BDX1N/ref=sr_1_16?crid=2M096C61O4MLT&dib=eyJ2IjoiMSJ9.NdOKhzTWp5YJqrnZWmusO-w4BvorY4Jw6xaW7dw3SSi6wSWY0IzQ3CjU_yU4r9slvbMZinv3sjXW6VLfb3uexQRsYWc8akP2Bij_GYsEFIoRhyp41UJAHQeHfg0lYkefg1SlHZAM5ngjdA0vcnerQNraeBnTLXkmuZ2w1sk3HF7Ukclf6HQQ-uTx5gKz-9cXH91L5SnpXWeG5KUV3hFc29ymm7PhXpuMt6rNpdNxFGk.f4btL_pqDETXToO7HLkdjzMfsIh6gj3bjKxpMKKeb1Y&dib_tag=se&keywords=bags&qid=1726251373&sprefix=ba%2Caps%2C283&sr=8-16,M MEDLER Aquiver Nylon 55 litres Waterproof Strolley Duffle Bag- 2 Wheels - Luggage Bag (Beige)  ,₹499,3.4 out of 5 stars,413,"BREGGABOG INDIA PRIVATE LIMITED, breggabog@gmail.com",B09V8BDX1N
https://www.amazon.in//Lavie-Sport-Sprinter-Daypack-Compartment/dp/B0CZNRHM2N/ref=sr_1_17?crid=2M096C61O4MLT&dib=eyJ2IjoiMSJ9.NdOKhzTWp5YJqrnZWmusO-w4BvorY4Jw6xaW7dw3SSi6wSWY0IzQ3CjU_yU4r9slvbMZinv3sjXW6VLfb3uexQRsYWc8akP2Bij_GYsEFIoRhyp41UJAHQeHfg0lYkefg1SlHZAM5ngjdA0vcnerQNraeBnTLXkmuZ2w1sk3HF7Ukclf6HQQ-uTx5gKz-9cXH91L5SnpXWeG5KUV3hFc29ymm7PhXpuMt6rNpdNxFGk.f4btL_pqDETXToO7HLkdjzMfsIh6gj3bjKxpMKKeb1Y&dib_tag=se&keywords=bags&qid=1726251373&sprefix=ba%2Caps%2C283&sr=8-17,Lavie Sport 11 Litres Sprinter Daypack 1 Compartment Unisex Small Casual Bag For Boys & Girls  ,₹199,3.8 out of 5 stars,413,"Bagzone Lifestyle Pvt Ltd, Bagzone Lifestyle Pvt Ltd | | LAVIE 402, Ackruti Star, MIDC Central Road, Andheri East, Mumbai – 400093",B0CZNRHM2N
https://www.amazon.in//Half-Moon-Laptop-Bag-Compartment/dp/B0C1NZLF67/ref=sr_1_18?crid=2M096C61O4MLT&dib=eyJ2IjoiMSJ9.NdOKhzTWp5YJqrnZWmusO-w4BvorY4Jw6xaW7dw3SSi6wSWY0IzQ3CjU_yU4r9slvbMZinv3sjXW6VLfb3uexQRsYWc8akP2Bij_GYsEFIoRhyp41UJAHQeHfg0lYkefg1SlHZAM5ngjdA0vcnerQNraeBnTLXkmuZ2w1sk3HF7Ukclf6HQQ-uTx5gKz-9cXH91L5SnpXWeG5KUV3hFc29ymm7PhXpuMt6rNpdNxFGk.f4btL_pqDETXToO7HLkdjzMfsIh6gj3bjKxpMKKeb1Y&dib_tag=se&keywords=bags&qid=1726251373&sprefix=ba%2Caps%2C283&sr=8-18,Half Moon Valex Unisex School Bag/ 15.6 inch Laptop Backpack/College Bagpack/Office Back Packed | Laptop Bag for Men Women | School Bags for Boys & Girls with Small Pockets & Laptop Compartment  ,₹739,3.9 out of 5 stars,756,Half_Moon,B0C1NZLF67
https://www.amazon.in//Lenovo-15-6-Inches-Everyday-Backpack/dp/B08R7RPVJF/ref=sr_1_19?crid=2M096C61O4MLT&dib=eyJ2IjoiMSJ9.NdOKhzTWp5YJqrnZWmusO-w4BvorY4Jw6xaW7dw3SSi6wSWY0IzQ3CjU_yU4r9slvbMZinv3sjXW6VLfb3uexQRsYWc8akP2Bij_GYsEFIoRhyp41UJAHQeHfg0lYkefg1SlHZAM5ngjdA0vcnerQNraeBnTLXkmuZ2w1sk3HF7Ukclf6HQQ-uTx5gKz-9cXH91L5SnpXWeG5KUV3hFc29ymm7PhXpuMt6rNpdNxFGk.f4btL_pqDETXToO7HLkdjzMfsIh6gj3bjKxpMKKeb1Y&dib_tag=se&keywords=bags&qid=1726251373&sprefix=ba%2Caps%2C283&sr=8-19,"Lenovo 15.6"" (39.62cm) Slim Everyday Backpack, Made in India, Compact, Water-resistant, Organized storage:Laptop sleeve,tablet pocket,front workstation,2-side pockets,Padded adjustable shoulder straps  ",₹849,4.4 out of 5 stars,"10,214",Lenovo,B08R7RPVJF
https://www.amazon.in//Ezee-Garbage-Bag-inches-Pieces/dp/B06VX8YR6Q/ref=sr_1_20?crid=2M096C61O4MLT&dib=eyJ2IjoiMSJ9.NdOKhzTWp5YJqrnZWmusO-w4BvorY4Jw6xaW7dw3SSi6wSWY0IzQ3CjU_yU4r9slvbMZinv3sjXW6VLfb3uexQRsYWc8akP2Bij_GYsEFIoRhyp41UJAHQeHfg0lYkefg1SlHZAM5ngjdA0vcnerQNraeBnTLXkmuZ2w1sk3HF7Ukclf6HQQ-uTx5gKz-9cXH91L5SnpXWeG5KUV3hFc29ymm7PhXpuMt6rNpdNxFGk.f4btL_pqDETXToO7HLkdjzMfsIh6gj3bjKxpMKKeb1Y&dib_tag=se&keywords=bags&qid=1726251373&sprefix=ba%2Caps%2C283&sr=8-20,Ezee Black Garbage Bags for Dustbin | 90 Pcs | Medium 19 X 21 Inches | 30 Pcs x Pack of 3  ,₹159,4.2 out of 5 stars,"33,423","Alka Lifestyles Pvt Ltd, Alka Lifestyles Pvt Ltd,202 Everest Chamber,2nd flr,Marol Naka,Andheri east,Mumbai-400059; Tel: +91-22 4520 3000",B06VX8YR6Q
https://www.amazon.in//sspa/click?ie=UTF8&spc=MToyNjk4ODgxNzIzNzA1OTk1OjE3MjYyNTEzNzM6c3BfYnRmOjMwMDI1Nzc1NjAyNjYzMjo6MDo6&url=%2FDailyObjects-Spacious-Stylish-Zippered-Compartment%2Fdp%2FB0BLV66LVG%2Fref%3Dsr_1_21_sspa%3Fcrid%3D2M096C61O4MLT%26dib%3DeyJ2IjoiMSJ9.NdOKhzTWp5YJqrnZWmusO-w4BvorY4Jw6xaW7dw3SSi6wSWY0IzQ3CjU_yU4r9slvbMZinv3sjXW6VLfb3uexQRsYWc8akP2Bij_GYsEFIoRhyp41UJAHQeHfg0lYkefg1SlHZAM5ngjdA0vcnerQNraeBnTLXkmuZ2w1sk3HF7Ukclf6HQQ-uTx5gKz-9cXH91L5SnpXWeG5KUV3hFc29ymm7PhXpuMt6rNpdNxFGk.f4btL_pqDETXToO7HLkdjzMfsIh6gj3bjKxpMKKeb1Y%26dib_tag%3Dse%26keywords%3Dbags%26qid%3D1726251373%26sprefix%3Dba%252Caps%252C283%26sr%3D8-21-spons%26sp_csd%3Dd2lkZ2V0TmFtZT1zcF9idGY%26psc%3D1,"DailyObjects All Time Canvas Daily Tote Bag | Spacious, Stylish, Sturdy Handbag Zippered Compartment | Fits laptops of up to 13.3 inches | Office and Travel Friendly  ","₹2,090",4.2 out of 5 stars,40,"DailyObjects, Block-A, Property No-12/1. Industrial Colony,Infocity,Sector-34, Gurugram, Haryana, 122005",B0BLV66LVG
https://www.amazon.in//sspa/click?ie=UTF8&spc=MTo2NTY3NDkwNTIyNTY3MjYyOjE3MjYyNTEzNzc6c3BfYXRmX25leHQ6MzAwMzM0NTQyNTMyNTMyOjowOjo&url=%2Flaptop-backpack-college-school-casual%2Fdp%2FB096W6JGTC%2Fref%3Dsr_1_17_sspa%3Fcrid%3D2M096C61O4MLT%26dib%3DeyJ2IjoiMSJ9.ALbzkmgd5dk4v0VkguOmjs1mf-XlOMzh6y4X63owwMDHjLp7zG6DnWBxk6ny_2Yc9FWIAM0kNSQK9IyFcQvsj6-OjEUd3QAszStx6PToWnIs5ae6DGn3GZyEBJHdPWw7CGQbIrgXRNLd3fnu8nXsc25g2UI1Rj7R2-g29xAXYzkzeXYHyM6qjDDGS10Zc-1btIAMLLPHD05EiC-7ZhRCHnKwk5YJTnDsSD78kzgDAx0.51cGX4MVmAGvnNBtIAAtpQ-ZYL8wms5hiaVpmFz0qZ4%26dib_tag%3Dse%26keywords%3Dbags%26qid%3D1726251376%26sprefix%3Dba%252Caps%252C283%26sr%3D8-17-spons%26sp_csd%3Dd2lkZ2V0TmFtZT1zcF9hdGZfbmV4dA%26psc%3D1,"laptop backpack (Blue , Large 45L)  ",₹599,4.1 out of 5 stars,50,,B096W6JGTC
https://www.amazon.in//sspa/click?ie=UTF8&spc=MTo2NTY3NDkwNTIyNTY3MjYyOjE3MjYyNTEzNzc6c3BfYXRmX25leHQ6MzAwMzM0NTQyNTMyNDMyOjowOjo&url=%2FLaptop-Backpack-Unisex-School-College%2Fdp%2FB09DDY6C39%2Fref%3Dsr_1_18_sspa%3Fcrid%3D2M096C61O4MLT%26dib%3DeyJ2IjoiMSJ9.ALbzkmgd5dk4v0VkguOmjs1mf-XlOMzh6y4X63owwMDHjLp7zG6DnWBxk6ny_2Yc9FWIAM0kNSQK9IyFcQvsj6-OjEUd3QAszStx6PToWnIs5ae6DGn3GZyEBJHdPWw7CGQbIrgXRNLd3fnu8nXsc25g2UI1Rj7R2-g29xAXYzkzeXYHyM6qjDDGS10Zc-1btIAMLLPHD05EiC-7ZhRCHnKwk5YJTnDsSD78kzgDAx0.51cGX4MVmAGvnNBtIAAtpQ-ZYL8wms5hiaVpmFz0qZ4%26dib_tag%3Dse%26keywords%3Dbags%26qid%3D1726251376%26sprefix%3Dba%252Caps%252C283%26sr%3D8-18-spons%26sp_csd%3Dd2lkZ2V0TmFtZT1zcF9hdGZfbmV4dA%26psc%3D1,"Fellow Unisex Large 45L Laptop Backpack (Grey, Blue)  ",₹648,4.0 out of 5 stars,237,,B09DDY6C39
https://www.amazon.in//BIGBERRY-Backpack-Multiple-Compartments-organiser/dp/B0CQRBBWP3/ref=sr_1_19?crid=2M096C61O4MLT&dib=eyJ2IjoiMSJ9.ALbzkmgd5dk4v0VkguOmjs1mf-XlOMzh6y4X63owwMDHjLp7zG6DnWBxk6ny_2Yc9FWIAM0kNSQK9IyFcQvsj6-OjEUd3QAszStx6PToWnIs5ae6DGn3GZyEBJHdPWw7CGQbIrgXRNLd3fnu8nXsc25g2UI1Rj7R2-g29xAXYzkzeXYHyM6qjDDGS10Zc-1btIAMLLPHD05EiC-7ZhRCHnKwk5YJTnDsSD78kzgDAx0.51cGX4MVmAGvnNBtIAAtpQ-ZYL8wms5hiaVpmFz0qZ4&dib_tag=se&keywords=bags&qid=1726251376&sprefix=ba%2Caps%2C283&sr=8-19,BIGBERRY Newage Rodeo 28 Ltrs leatherite/faux leather Backpack with Multiple Compartments & organiser  ,₹899,4.1 out of 5 stars,273,"EVON ENTERPRISES, 8595758076",B0CQRBBWP3
https://www.amazon.in//Impulse-V2-Elite-Resistant-Backpack/dp/B0D53HG3T5/ref=sr_1_20?crid=2M096C61O4MLT&dib=eyJ2IjoiMSJ9.ALbzkmgd5dk4v0VkguOmjs1mf-XlOMzh6y4X63owwMDHjLp7zG6DnWBxk6ny_2Yc9FWIAM0kNSQK9IyFcQvsj6-OjEUd3QAszStx6PToWnIs5ae6DGn3GZyEBJHdPWw7CGQbIrgXRNLd3fnu8nXsc25g2UI1Rj7R2-g29xAXYzkzeXYHyM6qjDDGS10Zc-1btIAMLLPHD05EiC-7ZhRCHnKwk5YJTnDsSD78kzgDAx0.51cGX4MVmAGvnNBtIAAtpQ-ZYL8wms5hiaVpmFz0qZ4&dib_tag=se&keywords=bags&qid=1726251376&sprefix=ba%2Caps%2C283&sr=8-20,Impulse EmpowerElite 25L Unisex Water Resistant Travel Laptop Backpack with USB Charging Port/Office Bag/School Bag/College Bag/Business Bag Fits Up to 16 Inch Laptop with 1 Year Warranty (Blue)  ,₹565,3.9 out of 5 stars,253,"Impulse Travel Gears Private Limited, Impulse Travel Gears Private Limited - contactenvision@gmail.com",B0D53HG3T5
https://www.amazon.in//AmazonBasics-Mini-Backpack-Outdoor-Metallic/dp/B0BRKH9LSW/ref=sr_1_21?crid=2M096C61O4MLT&dib=eyJ2IjoiMSJ9.ALbzkmgd5dk4v0VkguOmjs1mf-XlOMzh6y4X63owwMDHjLp7zG6DnWBxk6ny_2Yc9FWIAM0kNSQK9IyFcQvsj6-OjEUd3QAszStx6PToWnIs5ae6DGn3GZyEBJHdPWw7CGQbIrgXRNLd3fnu8nXsc25g2UI1Rj7R2-g29xAXYzkzeXYHyM6qjDDGS10Zc-1btIAMLLPHD05EiC-7ZhRCHnKwk5YJTnDsSD78kzgDAx0.51cGX4MVmAGvnNBtIAAtpQ-ZYL8wms5hiaVpmFz0qZ4&dib_tag=se&keywords=bags&qid=1726251376&sprefix=ba%2Caps%2C283&sr=8-21,amazon basics - Mini Backpack for Outdoor Use (12 l) (Metallic Grey)  ,₹279,3.7 out of 5 stars,"2,086",IRIS TECH,B0BRKH9LSW
https://www.amazon.in//Wesley-Raincover-Internal-Organiser-Backpack/dp/B0D37BRN7X/ref=sr_1_22?crid=2M096C61O4MLT&dib=eyJ2IjoiMSJ9.ALbzkmgd5dk4v0VkguOmjs1mf-XlOMzh6y4X63owwMDHjLp7zG6DnWBxk6ny_2Yc9FWIAM0kNSQK9IyFcQvsj6-OjEUd3QAszStx6PToWnIs5ae6DGn3GZyEBJHdPWw7CGQbIrgXRNLd3fnu8nXsc25g2UI1Rj7R2-g29xAXYzkzeXYHyM6qjDDGS10Zc-1btIAMLLPHD05EiC-7ZhRCHnKwk5YJTnDsSD78kzgDAx0.51cGX4MVmAGvnNBtIAAtpQ-ZYL8wms5hiaVpmFz0qZ4&dib_tag=se&keywords=bags&qid=1726251376&sprefix=ba%2Caps%2C283&sr=8-22,Wesley Spartan Unisex Travel Hiking Laptop Bag fits Upto 17.3 inch with Raincover and Internal Organiser Backpack Rucksack College Backpack  ,₹649,4.1 out of 5 stars,"2,766","Wesley, Longani Trading Company",B0D37BRN7X
https://www.amazon.in//Lunars-Comet-Resistant-Casual-Backpack/dp/B06Y66HWPB/ref=sr_1_23?crid=2M096C61O4MLT&dib=eyJ2IjoiMSJ9.ALbzkmgd5dk4v0VkguOmjs1mf-XlOMzh6y4X63owwMDHjLp7zG6DnWBxk6ny_2Yc9FWIAM0kNSQK9IyFcQvsj6-OjEUd3QAszStx6PToWnIs5ae6DGn3GZyEBJHdPWw7CGQbIrgXRNLd3fnu8nXsc25g2UI1Rj7R2-g29xAXYzkzeXYHyM6qjDDGS10Zc-1btIAMLLPHD05EiC-7ZhRCHnKwk5YJTnDsSD78kzgDAx0.51cGX4MVmAGvnNBtIAAtpQ-ZYL8wms5hiaVpmFz0qZ4&dib_tag=se&keywords=bags&qid=1726251376&sprefix=ba%2Caps%2C283&sr=8-23,Lunar's Comet 35L Water Resistant Travel Bagpack/College Backpack/School Bag/Office Bag/Business Backpack/Daypack for Men and Women with 1 Year Warranty  ,₹849,4.0 out of 5 stars,"14,745","Lunar's, Akshaya Rubbers, Hebbal Industrial Area, Mysore",B06Y66HWPB
https://www.amazon.in//Storite-Pack-Big-Underbed-Moisture/dp/B07B8K3RQK/ref=sr_1_24?crid=2M096C61O4MLT&dib=eyJ2IjoiMSJ9.ALbzkmgd5dk4v0VkguOmjs1mf-XlOMzh6y4X63owwMDHjLp7zG6DnWBxk6ny_2Yc9FWIAM0kNSQK9IyFcQvsj6-OjEUd3QAszStx6PToWnIs5ae6DGn3GZyEBJHdPWw7CGQbIrgXRNLd3fnu8nXsc25g2UI1Rj7R2-g29xAXYzkzeXYHyM6qjDDGS10Zc-1btIAMLLPHD05EiC-7ZhRCHnKwk5YJTnDsSD78kzgDAx0.51cGX4MVmAGvnNBtIAAtpQ-ZYL8wms5hiaVpmFz0qZ4&dib_tag=se&keywords=bags&qid=1726251376&sprefix=ba%2Caps%2C283&sr=8-24,"Storite 2 Pack Moisture Proof Nylon Large Size Underbed Storage Bag For Clothes (54 x 46 x 28 cm) - Black, Rectangular  ",₹599,4.4 out of 5 stars,"20,897",SaiTech IT Pvt Ltd.,B07B8K3RQK
https://www.amazon.in//Amazon-Brand-Presto-Oxo-Biodegradable-Garbage/dp/B0821PN8L4/ref=sr_1_25?crid=2M096C61O4MLT&dib=eyJ2IjoiMSJ9.ALbzkmgd5dk4v0VkguOmjs1mf-XlOMzh6y4X63owwMDHjLp7zG6DnWBxk6ny_2Yc9FWIAM0kNSQK9IyFcQvsj6-OjEUd3QAszStx6PToWnIs5ae6DGn3GZyEBJHdPWw7CGQbIrgXRNLd3fnu8nXsc25g2UI1Rj7R2-g29xAXYzkzeXYHyM6qjDDGS10Zc-1btIAMLLPHD05EiC-7ZhRCHnKwk5YJTnDsSD78kzgDAx0.51cGX4MVmAGvnNBtIAAtpQ-ZYL8wms5hiaVpmFz0qZ4&dib_tag=se&keywords=bags&qid=1726251376&sprefix=ba%2Caps%2C283&sr=8-25,"Amazon Brand - Presto! Garbage Bags Medium 180 Count|19 x 21 inches Black , For Dry & Wet waste|30 bags/roll (Pack of 6)  ",₹385,4.4 out of 5 stars,"47,149","Narendar Plastics Pvt.Ltd, Narendar Plastics Pvt.Ltd , Survey no.436/1&2, Village Dabhel,Daman-396210(U.T.) Ph no :+91-22-26852500",B0821PN8L4
https://www.amazon.in//Glowic-Unisexs-Backpack-Collage-WBAG-94/dp/B0CY8NLVMK/ref=sr_1_26?crid=2M096C61O4MLT&dib=eyJ2IjoiMSJ9.ALbzkmgd5dk4v0VkguOmjs1mf-XlOMzh6y4X63owwMDHjLp7zG6DnWBxk6ny_2Yc9FWIAM0kNSQK9IyFcQvsj6-OjEUd3QAszStx6PToWnIs5ae6DGn3GZyEBJHdPWw7CGQbIrgXRNLd3fnu8nXsc25g2UI1Rj7R2-g29xAXYzkzeXYHyM6qjDDGS10Zc-1btIAMLLPHD05EiC-7ZhRCHnKwk5YJTnDsSD78kzgDAx0.51cGX4MVmAGvnNBtIAAtpQ-ZYL8wms5hiaVpmFz0qZ4&dib_tag=se&keywords=bags&qid=1726251376&sprefix=ba%2Caps%2C283&sr=8-26,Glowic Unisex's Backpack Collage Women Black Bags for School (WBAG-94) Medium  ,₹809,4.1 out of 5 stars,153,"A D HOUSE, A D House",B0CY8NLVMK
https://www.amazon.in//sspa/click?ie=UTF8&spc=MTo2NTY3NDkwNTIyNTY3MjYyOjE3MjYyNTEzNzc6c3BfbXRmOjMwMDMzNDU0MjUzMjIzMjo6MDo6&url=%2FLaptop-Backpack-Unisex-College-BLACK-GREY%2Fdp%2FB09VTKD63M%2Fref%3Dsr_1_27_sspa%3Fcrid%3D2M096C61O4MLT%26dib%3DeyJ2IjoiMSJ9.ALbzkmgd5dk4v0VkguOmjs1mf-XlOMzh6y4X63owwMDHjLp7zG6DnWBxk6ny_2Yc9FWIAM0kNSQK9IyFcQvsj6-OjEUd3QAszStx6PToWnIs5ae6DGn3GZyEBJHdPWw7CGQbIrgXRNLd3fnu8nXsc25g2UI1Rj7R2-g29xAXYzkzeXYHyM6qjDDGS10Zc-1btIAMLLPHD05EiC-7ZhRCHnKwk5YJTnDsSD78kzgDAx0.51cGX4MVmAGvnNBtIAAtpQ-ZYL8wms5hiaVpmFz0qZ4%26dib_tag%3Dse%26keywords%3Dbags%26qid%3D1726251376%26sprefix%3Dba%252Caps%252C283%26sr%3D8-27-spons%26sp_csd%3Dd2lkZ2V0TmFtZT1zcF9tdGY%26psc%3D1,Fellow Large 45 L Laptop Backpack Large 45L Unisex Laptop Backpack |School Bag| |College Bag||Backpack  ,₹649,3.9 out of 5 stars,135,Fellow,B09VTKD63M
https://www.amazon.in//sspa/click?ie=UTF8&spc=MTo2NTY3NDkwNTIyNTY3MjYyOjE3MjYyNTEzNzc6c3BfbXRmOjMwMDMzNDQ0MTQ1NjgzMjo6MDo6&url=%2FUnisex-Brown-Checked-Laptop-Shoulder%2Fdp%2FB0CGVLHPJY%2Fref%3Dsr_1_28_sspa%3Fcrid%3D2M096C61O4MLT%26dib%3DeyJ2IjoiMSJ9.ALbzkmgd5dk4v0VkguOmjs1mf-XlOMzh6y4X63owwMDHjLp7zG6DnWBxk6ny_2Yc9FWIAM0kNSQK9IyFcQvsj6-OjEUd3QAszStx6PToWnIs5ae6DGn3GZyEBJHdPWw7CGQbIrgXRNLd3fnu8nXsc25g2UI1Rj7R2-g29xAXYzkzeXYHyM6qjDDGS10Zc-1btIAMLLPHD05EiC-7ZhRCHnKwk5YJTnDsSD78kzgDAx0.51cGX4MVmAGvnNBtIAAtpQ-ZYL8wms5hiaVpmFz0qZ4%26dib_tag%3Dse%26keywords%3Dbags%26qid%3D1726251376%26sprefix%3Dba%252Caps%252C283%26sr%3D8-28-spons%26sp_csd%3Dd2lkZ2V0TmFtZT1zcF9tdGY%26psc%3D1,STOK Unisex Brown Checked Laptop Bag With Shoulder Sling  ,"₹2,499",5.0 out of 5 stars,1,Stok,B0CGVLHPJY
https://www.amazon.in//Wesley-Raincover-Internal-Organiser-Backpack/dp/B0D5QTFT2T/ref=sr_1_29?crid=2M096C61O4MLT&dib=eyJ2IjoiMSJ9.ALbzkmgd5dk4v0VkguOmjs1mf-XlOMzh6y4X63owwMDHjLp7zG6DnWBxk6ny_2Yc9FWIAM0kNSQK9IyFcQvsj6-OjEUd3QAszStx6PToWnIs5ae6DGn3GZyEBJHdPWw7CGQbIrgXRNLd3fnu8nXsc25g2UI1Rj7R2-g29xAXYzkzeXYHyM6qjDDGS10Zc-1btIAMLLPHD05EiC-7ZhRCHnKwk5YJTnDsSD78kzgDAx0.51cGX4MVmAGvnNBtIAAtpQ-ZYL8wms5hiaVpmFz0qZ4&dib_tag=se&keywords=bags&qid=1726251376&sprefix=ba%2Caps%2C283&sr=8-29,Wesley Spartan Unisex Travel Hiking Laptop Bag fits Upto 17.3 inch with Raincover and Internal Organiser Backpack Rucksack College Backpack  ,₹649,4.1 out of 5 stars,"2,766","Wesley, Longani Trading Company",B0D5QTFT2T
https://www.amazon.in//Gear-Vintage2-Leather-Backpack-LBPVG2LTH0201/dp/B07G4D13L7/ref=sr_1_30?crid=2M096C61O4MLT&dib=eyJ2IjoiMSJ9.ALbzkmgd5dk4v0VkguOmjs1mf-XlOMzh6y4X63owwMDHjLp7zG6DnWBxk6ny_2Yc9FWIAM0kNSQK9IyFcQvsj6-OjEUd3QAszStx6PToWnIs5ae6DGn3GZyEBJHdPWw7CGQbIrgXRNLd3fnu8nXsc25g2UI1Rj7R2-g29xAXYzkzeXYHyM6qjDDGS10Zc-1btIAMLLPHD05EiC-7ZhRCHnKwk5YJTnDsSD78kzgDAx0.51cGX4MVmAGvnNBtIAAtpQ-ZYL8wms5hiaVpmFz0qZ4&dib_tag=se&keywords=bags&qid=1726251376&sprefix=ba%2Caps%2C283&sr=8-30,Gear Vintage2 28L Medium Faux Leather Water Resistant Anti Theft Laptop Backpack/Office Backpack for Men/Women - Brown  ,₹989,4.3 out of 5 stars,"13,248","Gear Merchandise PVT LTD, Gear Merchandise PVT LTD E/12 West Chowbaga Gulshan colony KoLkata-700100 Contact 9830403366",B07G4D13L7
https://www.amazon.in//Wesley-Milestone-Waterproof-Backpack-Business/dp/B07K8KLB3P/ref=sr_1_31?crid=2M096C61O4MLT&dib=eyJ2IjoiMSJ9.ALbzkmgd5dk4v0VkguOmjs1mf-XlOMzh6y4X63owwMDHjLp7zG6DnWBxk6ny_2Yc9FWIAM0kNSQK9IyFcQvsj6-OjEUd3QAszStx6PToWnIs5ae6DGn3GZyEBJHdPWw7CGQbIrgXRNLd3fnu8nXsc25g2UI1Rj7R2-g29xAXYzkzeXYHyM6qjDDGS10Zc-1btIAMLLPHD05EiC-7ZhRCHnKwk5YJTnDsSD78kzgDAx0.51cGX4MVmAGvnNBtIAAtpQ-ZYL8wms5hiaVpmFz0qZ4&dib_tag=se&keywords=bags&qid=1726251376&sprefix=ba%2Caps%2C283&sr=8-31,Wesley Unisex Milestone Casual Waterproof Laptop Office School College Business Travel Backpack (Dimensions: 12.5x18 inches) (Compatible with 15.6 inch laptops)  ,₹399,4.2 out of 5 stars,"15,170","Wesley, Longani Trading Company, F-82, Sector-1, Bawana Industrial Area, Delhi-110039",B07K8KLB3P
https://www.amazon.in//Wildcraft-Wolf_Blk-Casual-Backpack-11629-Wolf_Blk/dp/B079DDT65R/ref=sr_1_32?crid=2M096C61O4MLT&dib=eyJ2IjoiMSJ9.ALbzkmgd5dk4v0VkguOmjs1mf-XlOMzh6y4X63owwMDHjLp7zG6DnWBxk6ny_2Yc9FWIAM0kNSQK9IyFcQvsj6-OjEUd3QAszStx6PToWnIs5ae6DGn3GZyEBJHdPWw7CGQbIrgXRNLd3fnu8nXsc25g2UI1Rj7R2-g29xAXYzkzeXYHyM6qjDDGS10Zc-1btIAMLLPHD05EiC-7ZhRCHnKwk5YJTnDsSD78kzgDAx0.51cGX4MVmAGvnNBtIAAtpQ-ZYL8wms5hiaVpmFz0qZ4&dib_tag=se&keywords=bags&qid=1726251376&sprefix=ba%2Caps%2C283&sr=8-32,Wildcraft Nylon 44 Ltrs Casual Backpack (11629-Wolf_Black)  ,"₹1,545",4.3 out of 5 stars,"6,641","Wildcraft, Wildcraft, No. 4AC-401, 2nd Block, Hennur Road, BDA Layout, Bangalore City Corporation Ward No. 89, Kammanahalli, Bengaluru, Karnataka 560084; Phome: 9930076456",B079DDT65R
https://www.amazon.in//ADISA-Casual-Backpack-College-BP057-NAV/dp/B0D3C9FJ2J/ref=sr_1_33?crid=2M096C61O4MLT&dib=eyJ2IjoiMSJ9.ALbzkmgd5dk4v0VkguOmjs1mf-XlOMzh6y4X63owwMDHjLp7zG6DnWBxk6ny_2Yc9FWIAM0kNSQK9IyFcQvsj6-OjEUd3QAszStx6PToWnIs5ae6DGn3GZyEBJHdPWw7CGQbIrgXRNLd3fnu8nXsc25g2UI1Rj7R2-g29xAXYzkzeXYHyM6qjDDGS10Zc-1btIAMLLPHD05EiC-7ZhRCHnKwk5YJTnDsSD78kzgDAx0.51cGX4MVmAGvnNBtIAAtpQ-ZYL8wms5hiaVpmFz0qZ4&dib_tag=se&keywords=bags&qid=1726251376&sprefix=ba%2Caps%2C283&sr=8-33,ADISA Casual Backpack School College Bag Pack (BP057)  ,₹399,4.8 out of 5 stars,5,"ADISA, ADISA INTERNATIONAL, 42/34, Upper Ground Floor, DLF Industrial Area, Kirti Nagar, New Delhi 110015, careadisa@gmail.com",B0D3C9FJ2J
https://www.amazon.in//Swiss-Military-Collection-Backpack-LBP76/dp/B07Y916W4P/ref=sr_1_34?crid=2M096C61O4MLT&dib=eyJ2IjoiMSJ9.ALbzkmgd5dk4v0VkguOmjs1mf-XlOMzh6y4X63owwMDHjLp7zG6DnWBxk6ny_2Yc9FWIAM0kNSQK9IyFcQvsj6-OjEUd3QAszStx6PToWnIs5ae6DGn3GZyEBJHdPWw7CGQbIrgXRNLd3fnu8nXsc25g2UI1Rj7R2-g29xAXYzkzeXYHyM6qjDDGS10Zc-1btIAMLLPHD05EiC-7ZhRCHnKwk5YJTnDsSD78kzgDAx0.51cGX4MVmAGvnNBtIAAtpQ-ZYL8wms5hiaVpmFz0qZ4&dib_tag=se&keywords=bags&qid=1726251376&sprefix=ba%2Caps%2C283&sr=8-34,"Swiss Military Laptop Backpack with USB Charging Port/Aux Port, Breathable EVA back, Water & Wear Resistant, Travel Backpack for Men, Women, Kids | Bagpacker Bag for Men, 31 liters, Black, 1  ","₹2,446",3.7 out of 5 stars,561,Swiss Military,B07Y916W4P
